{
  "train_samples": 150,
  "eval_samples": 20,
  "baseline": {
    "accuracy": 0.75,
    "avg_steps": 1.1,
    "elapsed_time": 137.87450098991394
  },
  "ddre": {
    "accuracy": 0.7,
    "elapsed_time": 138.68081188201904
  }
}