{
  "train_samples": 150,
  "eval_samples": 50,
  "baseline": {
    "accuracy": 0.8,
    "avg_steps": 1.2,
    "elapsed_time": 358.7344386577606
  },
  "ddre_all": [
    {
      "accuracy": 0.8,
      "elapsed_time": 321.06551122665405,
      "threshold": 0.5
    },
    {
      "accuracy": 0.78,
      "elapsed_time": 293.798880815506,
      "threshold": 0.55
    },
    {
      "accuracy": 0.74,
      "elapsed_time": 276.8009080886841,
      "threshold": 0.6
    },
    {
      "accuracy": 0.74,
      "elapsed_time": 270.66964864730835,
      "threshold": 0.65
    }
  ],
  "best_ddre": {
    "accuracy": 0.8,
    "elapsed_time": 321.06551122665405,
    "threshold": 0.5
  }
}