{
  "train_samples": 50,
  "eval_samples": 20,
  "baseline": {
    "accuracy": 0.85,
    "avg_steps": 1.0,
    "elapsed_time": 105.99101042747498
  },
  "ddre": {
    "accuracy": 0.35,
    "elapsed_time": 103.6873025894165
  }
}